timestamp,/mfcc_aRMSlow_MFCC1,/mfcc_aRMSlow_MFCC2,/mfcc_aRMSlow_MFCC3,/mfcc_aRMShigh_MFCC1,/mfcc_aRMShigh_MFCC2,/mfcc_aRMShigh_MFCC3,/mfcc_vRMSlow_MFCC1,/mfcc_vRMSlow_MFCC2,/mfcc_vRMSlow_MFCC3,/mfcc_vRMShigh_MFCC1,/mfcc_vRMShigh_MFCC2,/mfcc_vRMShigh_MFCC3,estado
1739802727.29524,0.0,0.0,0.0,0.0,0.0,0.0,0.0,0.0,0.0,0.0,0.0,0.0,inactivo
1739802727.3952353,0.0,0.0,0.0,0.0,0.0,0.0,0.0,0.0,0.0,0.0,0.0,0.0,inactivo
1739802727.495293,0.0,0.0,0.0,0.0,0.0,0.0,0.0,0.0,0.0,0.0,0.0,0.0,inactivo
1739802727.595249,0.0,0.0,0.0,0.0,0.0,0.0,0.0,0.0,0.0,0.0,0.0,0.0,inactivo
1739802727.6952574,0.0,0.0,0.0,0.0,0.0,0.0,0.0,0.0,0.0,0.0,0.0,0.0,inactivo
1739802727.7952344,0.0,0.0,0.0,0.0,0.0,0.0,0.0,0.0,0.0,0.0,0.0,0.0,inactivo
1739802727.8952358,0.0,0.0,0.0,0.0,0.0,0.0,0.0,0.0,0.0,0.0,0.0,0.0,inactivo
1739802727.9952445,0.0,0.0,0.0,0.0,0.0,0.0,0.0,0.0,0.0,0.0,0.0,0.0,inactivo
1739802728.0953257,0.0,0.0,0.0,0.0,0.0,0.0,0.0,0.0,0.0,0.0,0.0,0.0,inactivo
1739802728.1952891,0.0,0.0,0.0,0.0,0.0,0.0,0.0,0.0,0.0,0.0,0.0,0.0,inactivo
1739802728.295303,0.0,0.0,0.0,0.0,0.0,0.0,0.0,0.0,0.0,0.0,0.0,0.0,inactivo
1739802728.395306,0.0,0.0,0.0,0.0,0.0,0.0,0.0,0.0,0.0,0.0,0.0,0.0,inactivo
1739802728.4952636,0.0,0.0,0.0,0.0,0.0,0.0,0.0,0.0,0.0,0.0,0.0,0.0,inactivo
1739802728.595257,0.0,0.0,0.0,0.0,0.0,0.0,0.0,0.0,0.0,0.0,0.0,0.0,inactivo
1739802728.695244,0.0,0.0,0.0,0.0,0.0,0.0,0.0,0.0,0.0,0.0,0.0,0.0,inactivo
1739802728.7952452,0.0,0.0,0.0,0.0,0.0,0.0,0.0,0.0,0.0,0.0,0.0,0.0,inactivo
1739802728.895244,0.0,0.0,0.0,0.0,0.0,0.0,0.0,0.0,0.0,0.0,0.0,0.0,inactivo
1739802728.9952545,0.0,0.0,0.0,0.0,0.0,0.0,0.0,0.0,0.0,0.0,0.0,0.0,inactivo
1739802729.0952952,0.0,0.0,0.0,0.0,0.0,0.0,0.0,0.0,0.0,0.0,0.0,0.0,inactivo
1739802729.195248,0.0,0.0,0.0,0.0,0.0,0.0,0.0,0.0,0.0,0.0,0.0,0.0,inactivo
1739802729.2952805,0.0,0.0,0.0,0.0,0.0,0.0,0.0,0.0,0.0,0.0,0.0,0.0,inactivo
1739802729.3952603,0.0,0.0,0.0,0.0,0.0,0.0,0.0,0.0,0.0,0.0,0.0,0.0,inactivo
1739802729.4952974,0.0,0.0,0.0,0.0,0.0,0.0,0.0,0.0,0.0,0.0,0.0,0.0,inactivo
1739802729.5952606,0.0,0.0,0.0,0.0,0.0,0.0,0.0,0.0,0.0,0.0,0.0,0.0,inactivo
1739802729.695287,0.0,0.0,0.0,0.0,0.0,0.0,0.0,0.0,0.0,0.0,0.0,0.0,inactivo
1739802729.7952642,0.0,0.0,0.0,0.0,0.0,0.0,0.0,0.0,0.0,0.0,0.0,0.0,inactivo
1739802729.8952496,0.0,0.0,0.0,0.0,0.0,0.0,0.0,0.0,0.0,0.0,0.0,0.0,inactivo
1739802729.9952614,0.0,0.0,0.0,0.0,0.0,0.0,0.0,0.0,0.0,0.0,0.0,0.0,inactivo
1739802730.0952835,0.0,0.0,0.0,0.0,0.0,0.0,0.0,0.0,0.0,0.0,0.0,0.0,inactivo
1739802730.1952662,0.0,0.0,0.0,0.0,0.0,0.0,0.0,0.0,0.0,0.0,0.0,0.0,inactivo
1739802730.2953117,0.0,0.0,0.0,0.0,0.0,0.0,0.0,0.0,0.0,0.0,0.0,0.0,inactivo
1739802730.3952668,0.0,0.0,0.0,0.0,0.0,0.0,0.0,0.0,0.0,0.0,0.0,0.0,inactivo
1739802732.1953433,0.0,0.0,0.0,0.0,0.0,0.0,0.0,0.0,0.0,0.0,0.0,0.0,inactivo
1739802732.2953289,0.0,0.0,0.0,0.0,0.0,0.0,0.0,0.0,0.0,0.0,0.0,0.0,inactivo
1739802732.3953428,0.0,0.0,0.0,0.0,0.0,0.0,0.0,0.0,0.0,0.0,0.0,0.0,inactivo
1739802732.4952593,0.0,0.0,0.0,0.0,0.0,0.0,0.0,0.0,0.0,0.0,0.0,0.0,inactivo
1739802732.5952835,0.0,0.0,0.0,0.0,0.0,0.0,0.0,0.0,0.0,0.0,0.0,0.0,inactivo
1739802732.6952455,0.0,0.0,0.0,0.0,0.0,0.0,0.0,0.0,0.0,0.0,0.0,0.0,inactivo
1739802732.7952583,0.0,0.0,0.0,0.0,0.0,0.0,0.0,0.0,0.0,0.0,0.0,0.0,inactivo
1739802732.8952498,0.0,0.0,0.0,0.0,0.0,0.0,0.0,0.0,0.0,0.0,0.0,0.0,inactivo
1739802732.995249,0.0,0.0,0.0,0.0,0.0,0.0,0.0,0.0,0.0,0.0,0.0,0.0,inactivo
1739802733.095247,0.0,0.0,0.0,0.0,0.0,0.0,0.0,0.0,0.0,0.0,0.0,0.0,inactivo
1739802733.1952553,0.0,0.0,0.0,0.0,0.0,0.0,0.0,0.0,0.0,0.0,0.0,0.0,inactivo
1739802733.29525,0.0,0.0,0.0,0.0,0.0,0.0,0.0,0.0,0.0,0.0,0.0,0.0,inactivo
1739802733.3952582,0.0,0.0,0.0,0.0,0.0,0.0,0.0,0.0,0.0,0.0,0.0,0.0,inactivo
1739802733.495257,0.0,0.0,0.0,0.0,0.0,0.0,0.0,0.0,0.0,0.0,0.0,0.0,inactivo
1739802733.5952747,0.0,0.0,0.0,0.0,0.0,0.0,0.0,0.0,0.0,0.0,0.0,0.0,inactivo
1739802733.6953769,0.0,0.0,0.0,0.0,0.0,0.0,0.0,0.0,0.0,0.0,0.0,0.0,inactivo
1739802733.795249,0.0,0.0,0.0,0.0,0.0,0.0,0.0,0.0,0.0,0.0,0.0,0.0,inactivo
1739802733.8952456,0.0,0.0,0.0,0.0,0.0,0.0,0.0,0.0,0.0,0.0,0.0,0.0,inactivo
1739802733.995252,0.0,0.0,0.0,0.0,0.0,0.0,0.0,0.0,0.0,0.0,0.0,0.0,inactivo
1739802734.095254,0.0,0.0,0.0,0.0,0.0,0.0,0.0,0.0,0.0,0.0,0.0,0.0,inactivo
1739802734.1952548,0.0,0.0,0.0,0.0,0.0,0.0,0.0,0.0,0.0,0.0,0.0,0.0,inactivo
1739802734.2952857,0.0,0.0,0.0,0.0,0.0,0.0,0.0,0.0,0.0,0.0,0.0,0.0,inactivo
1739802734.3952773,0.0,0.0,0.0,0.0,0.0,0.0,0.0,0.0,0.0,0.0,0.0,0.0,inactivo
1739802734.4953675,0.0,0.0,0.0,0.0,0.0,0.0,0.0,0.0,0.0,0.0,0.0,0.0,inactivo
1739802734.5952492,0.0,0.0,0.0,0.0,0.0,0.0,0.0,0.0,0.0,0.0,0.0,0.0,inactivo
1739802734.6952512,0.0,0.0,0.0,0.0,0.0,0.0,0.0,0.0,0.0,0.0,0.0,0.0,inactivo
1739802734.7952466,0.0,0.0,0.0,0.0,0.0,0.0,0.0,0.0,0.0,0.0,0.0,0.0,inactivo
1739802734.8952482,0.0,0.0,0.0,0.0,0.0,0.0,0.0,0.0,0.0,0.0,0.0,0.0,inactivo
1739802734.9952605,0.0,0.0,0.0,0.0,0.0,0.0,0.0,0.0,0.0,0.0,0.0,0.0,inactivo
1739802735.0953012,0.0,0.0,0.0,0.0,0.0,0.0,0.0,0.0,0.0,0.0,0.0,0.0,inactivo
1739802735.1952894,0.0,0.0,0.0,0.0,0.0,0.0,0.0,0.0,0.0,0.0,0.0,0.0,inactivo
1739802735.295263,0.0,0.0,0.0,0.0,0.0,0.0,0.0,0.0,0.0,0.0,0.0,0.0,inactivo
1739802735.3953052,0.0,0.0,0.0,0.0,0.0,0.0,0.0,0.0,0.0,0.0,0.0,0.0,inactivo
1739802735.495279,0.0,0.0,0.0,0.0,0.0,0.0,0.0,0.0,0.0,0.0,0.0,0.0,inactivo
1739802735.5952556,0.0,0.0,0.0,0.0,0.0,0.0,0.0,0.0,0.0,0.0,0.0,0.0,inactivo
1739802735.6952543,0.0,0.0,0.0,0.0,0.0,0.0,0.0,0.0,0.0,0.0,0.0,0.0,inactivo
1739802735.7952738,0.0,0.0,0.0,0.0,0.0,0.0,0.0,0.0,0.0,0.0,0.0,0.0,inactivo
1739802735.8951592,0.0,0.0,0.0,0.0,0.0,0.0,0.0,0.0,0.0,0.0,0.0,0.0,inactivo
1739802738.0952504,0.0,0.0,0.0,0.0,0.0,0.0,0.0,0.0,0.0,0.0,0.0,0.0,inactivo
1739802738.1952648,0.0,0.0,0.0,0.0,0.0,0.0,0.0,0.0,0.0,0.0,0.0,0.0,inactivo
1739802738.2953148,0.0,0.0,0.0,0.0,0.0,0.0,0.0,0.0,0.0,0.0,0.0,0.0,inactivo
1739802738.3952546,0.0,0.0,0.0,0.0,0.0,0.0,0.0,0.0,0.0,0.0,0.0,0.0,inactivo
1739802738.4952805,0.0,0.0,0.0,0.0,0.0,0.0,0.0,0.0,0.0,0.0,0.0,0.0,inactivo
1739802738.5952587,0.0,0.0,0.0,0.0,0.0,0.0,0.0,0.0,0.0,0.0,0.0,0.0,inactivo
1739802738.6952815,0.0,0.0,0.0,0.0,0.0,0.0,0.0,0.0,0.0,0.0,0.0,0.0,inactivo
1739802738.7952576,0.0,0.0,0.0,0.0,0.0,0.0,0.0,0.0,0.0,0.0,0.0,0.0,inactivo
1739802738.895252,0.0,0.0,0.0,0.0,0.0,0.0,0.0,0.0,0.0,0.0,0.0,0.0,inactivo
1739802738.9952886,0.0,0.0,0.0,0.0,0.0,0.0,0.0,0.0,0.0,0.0,0.0,0.0,inactivo
1739802739.0953932,0.0,0.0,0.0,0.0,0.0,0.0,0.0,0.0,0.0,0.0,0.0,0.0,inactivo
1739802739.195275,0.0,0.0,0.0,0.0,0.0,0.0,0.0,0.0,0.0,0.0,0.0,0.0,inactivo
1739802739.2952583,0.0,0.0,0.0,0.0,0.0,0.0,0.0,0.0,0.0,0.0,0.0,0.0,inactivo
1739802739.3952966,0.0,0.0,0.0,0.0,0.0,0.0,0.0,0.0,0.0,0.0,0.0,0.0,inactivo
1739802739.49525,0.0,0.0,0.0,0.0,0.0,0.0,0.0,0.0,0.0,0.0,0.0,0.0,inactivo
1739802739.595248,0.0,0.0,0.0,0.0,0.0,0.0,0.0,0.0,0.0,0.0,0.0,0.0,inactivo
1739802739.6952538,0.0,0.0,0.0,0.0,0.0,0.0,0.0,0.0,0.0,0.0,0.0,0.0,inactivo
1739802739.7952895,0.0,0.0,0.0,0.0,0.0,0.0,0.0,0.0,0.0,0.0,0.0,0.0,inactivo
1739802739.8952923,0.0,0.0,0.0,0.0,0.0,0.0,0.0,0.0,0.0,0.0,0.0,0.0,inactivo
1739802739.9952638,0.0,0.0,0.0,0.0,0.0,0.0,0.0,0.0,0.0,0.0,0.0,0.0,inactivo
1739802740.0952587,0.0,0.0,0.0,0.0,0.0,0.0,0.0,0.0,0.0,0.0,0.0,0.0,inactivo
1739802740.1952536,0.0,0.0,0.0,0.0,0.0,0.0,0.0,0.0,0.0,0.0,0.0,0.0,inactivo
1739802740.2952492,0.0,0.0,0.0,0.0,0.0,0.0,0.0,0.0,0.0,0.0,0.0,0.0,inactivo
1739802740.395239,0.0,0.0,0.0,0.0,0.0,0.0,0.0,0.0,0.0,0.0,0.0,0.0,inactivo
1739802740.4952512,0.0,0.0,0.0,0.0,0.0,0.0,0.0,0.0,0.0,0.0,0.0,0.0,inactivo
1739802740.595281,0.0,0.0,0.0,0.0,0.0,0.0,0.0,0.0,0.0,0.0,0.0,0.0,inactivo
1739802740.6953874,0.0,0.0,0.0,0.0,0.0,0.0,0.0,0.0,0.0,0.0,0.0,0.0,inactivo
1739802740.7952516,0.0,0.0,0.0,0.0,0.0,0.0,0.0,0.0,0.0,0.0,0.0,0.0,inactivo
1739802740.8952558,0.0,0.0,0.0,0.0,0.0,0.0,0.0,0.0,0.0,0.0,0.0,0.0,inactivo
1739802740.995265,0.0,0.0,0.0,0.0,0.0,0.0,0.0,0.0,0.0,0.0,0.0,0.0,inactivo
1739802741.0952785,0.0,0.0,0.0,0.0,0.0,0.0,0.0,0.0,0.0,0.0,0.0,0.0,inactivo
1739802741.1952894,0.0,0.0,0.0,0.0,0.0,0.0,0.0,0.0,0.0,0.0,0.0,0.0,inactivo
1739802741.2952583,0.0,0.0,0.0,0.0,0.0,0.0,0.0,0.0,0.0,0.0,0.0,0.0,inactivo
1739802741.3952384,0.0,0.0,0.0,0.0,0.0,0.0,0.0,0.0,0.0,0.0,0.0,0.0,inactivo
1739802741.495248,0.0,0.0,0.0,0.0,0.0,0.0,0.0,0.0,0.0,0.0,0.0,0.0,inactivo
1739802741.5952952,0.0,0.0,0.0,0.0,0.0,0.0,0.0,0.0,0.0,0.0,0.0,0.0,inactivo
1739802744.395255,0.0,0.0,0.0,0.0,0.0,0.0,0.0,0.0,0.0,0.0,0.0,0.0,inactivo
1739802744.495361,0.0,0.0,0.0,0.0,0.0,0.0,0.0,0.0,0.0,0.0,0.0,0.0,inactivo
1739802744.5952792,0.0,0.0,0.0,0.0,0.0,0.0,0.0,0.0,0.0,0.0,0.0,0.0,inactivo
1739802744.6952877,0.0,0.0,0.0,0.0,0.0,0.0,0.0,0.0,0.0,0.0,0.0,0.0,inactivo
1739802744.7953117,0.0,0.0,0.0,0.0,0.0,0.0,0.0,0.0,0.0,0.0,0.0,0.0,inactivo
1739802744.8952894,0.0,0.0,0.0,0.0,0.0,0.0,0.0,0.0,0.0,0.0,0.0,0.0,inactivo
1739802744.995251,0.0,0.0,0.0,0.0,0.0,0.0,0.0,0.0,0.0,0.0,0.0,0.0,inactivo
1739802745.0952508,0.0,0.0,0.0,0.0,0.0,0.0,0.0,0.0,0.0,0.0,0.0,0.0,inactivo
1739802745.1952474,0.0,0.0,0.0,0.0,0.0,0.0,0.0,0.0,0.0,0.0,0.0,0.0,inactivo
1739802745.2952666,0.0,0.0,0.0,0.0,0.0,0.0,0.0,0.0,0.0,0.0,0.0,0.0,inactivo
1739802730.495257,7.564273357391357,-1.4500865936279297,-0.9544809460639954,7.56426477432251,-1.4500740766525269,-0.9544873237609864,7.564258098602295,-1.450069546699524,-0.95449036359787,7.564263820648193,-1.4500752687454224,-0.9544880986213684,roca
1739802730.5952718,10.802786827087402,0.2663396596908569,1.435260772705078,10.72047519683838,0.1777036637067794,1.313615322113037,10.812878608703612,0.21514892578125,1.36758291721344,10.25695514678955,0.4628221690654754,1.6758626699447632,roca
1739802730.6952386,8.148077011108398,0.1270952969789505,3.139775514602661,12.005969047546388,2.5532941818237305,3.448335647583008,14.999884605407717,4.309214115142822,4.216565608978272,12.214404106140137,2.009500741958618,2.8567352294921875,roca
1739802730.7952428,9.294401168823242,-0.7483555674552917,-0.0987059697508812,13.601243019104004,0.3478158414363861,-1.4128570556640625,18.548315048217773,2.626169443130493,0.0597211010754108,13.214051246643066,0.5972910523414612,-0.7992202639579773,roca
1739802730.8952415,10.400591850280762,1.0179972648620603,1.771914005279541,11.574959754943848,1.5151442289352417,2.320701837539673,15.627674102783203,4.551940441131592,4.565730571746826,12.043608665466309,1.8757697343826287,2.495497941970825,roca
1739802730.995207,16.440610885620117,4.279657363891602,4.283749103546143,15.339816093444824,4.962352752685547,3.611557722091675,20.552953720092773,5.492149353027344,5.587680339813232,21.10186004638672,1.9263452291488647,-2.458608627319336,roca
1739802731.095255,22.212270736694336,3.499558687210083,-0.7468795776367188,12.615226745605469,0.7467086911201477,0.0625399723649025,18.4453182220459,6.591047763824463,5.967185497283936,14.138697624206545,2.995246648788452,3.0569007396698,roca
1739802731.1952546,16.23971939086914,3.705245018005371,4.742013454437256,13.21069049835205,0.906313419342041,2.706944465637207,18.15736198425293,9.227313041687012,7.771477222442627,20.778276443481445,1.9491029977798464,5.549165725708008,roca
1739802731.2952795,16.89537811279297,1.2374666929244995,0.0929629504680633,11.92874526977539,0.5581703186035156,0.4841103255748749,12.953903198242188,3.7963387966156006,3.667359113693237,12.367230415344238,2.5697481632232666,2.442007064819336,roca
1739802731.3952715,9.540031433105469,1.645887017250061,2.596421718597412,3.911537170410156,0.110645055770874,0.9076187014579772,8.017181396484375,1.6449002027511597,1.967432141304016,6.076835632324219,0.2156377285718917,-0.182703897356987,roca
1739802731.4952323,6.540578842163086,-1.4776326417922974,-0.8978119492530823,0.0,-1.6280173063278198,0.0,2.650367021560669,-0.2487631291151046,1.1089718341827393,0.0,-1.6280165910720823,0.0,roca
1739802731.695272,0.0,0.0,0.0,7.564178466796875,-1.4499865770339966,-0.9545373916625975,7.563892364501953,-1.4497381448745728,-0.9546713829040528,7.56420373916626,-1.450018286705017,-0.9545186161994934,roca
1739802731.7952385,0.0,0.0,0.0,10.772578239440918,0.1713381260633468,1.306921362876892,10.715850830078123,0.1765326708555221,1.313713550567627,10.7744140625,0.1735168248414993,1.310301423072815,roca
1739802731.895168,0.0,0.0,0.0,10.000723838806152,1.4176028966903689,2.878074884414673,10.067090034484863,1.1968398094177246,2.6330368518829346,9.985052108764648,1.4517016410827637,2.9156148433685303,roca
1739802731.995191,0.0,0.0,0.0,6.105218887329102,0.2162099331617355,-0.1995602399110794,8.72066879272461,-1.4214094877243042,2.12566351890564,6.1418232917785645,0.2172639369964599,-0.2219538539648056,roca
1739802735.995282,0.0,0.0,0.0,0.0,0.0,0.0,4.330254077911377,-3.24460506439209,0.3726800382137298,4.330249786376953,-3.24460244178772,0.3726793527603149,roca
1739802736.09526,7.564257144927978,-1.4500705003738403,-0.9544900059700012,4.330249309539795,-3.244601964950561,0.3726796209812164,8.722343444824219,-1.0604355335235596,2.355471611022949,8.227831840515137,-0.943603217601776,2.667891502380371,roca
1739802736.195253,10.349774360656738,0.2083029597997665,1.529137134552002,8.066275596618652,-0.9331552386283876,2.733371019363404,15.396626472473145,1.8405972719192505,4.069941997528076,14.832722663879396,2.642463207244873,1.7979098558425903,roca
1739802736.2951906,14.263989448547363,3.877619504928589,3.7304277420043945,14.707520484924316,2.1708500385284424,2.141175031661988,18.80019760131836,8.871657371520996,1.0393670797348022,17.22043800354004,7.639917373657227,0.4504888355731964,roca
1739802736.3952508,22.70654296875,3.584644556045532,-0.5512944459915161,16.61387825012207,9.823233604431152,1.5786079168319702,16.521472930908203,1.4299901723861694,2.68160080909729,14.529536247253418,0.5292696356773376,2.903518915176392,roca
1739802736.4951482,16.21907615661621,5.617361545562744,4.899211883544922,14.725998878479004,0.3106453418731689,2.2850890159606934,18.043954849243164,1.1226979494094849,2.563717603683472,17.745811462402344,0.8798031210899353,1.7070465087890625,roca
1739802736.595256,18.16820907592773,3.88749623298645,4.152144908905029,17.844266891479492,1.121687650680542,0.7048957943916321,19.768442153930664,9.799180030822754,0.2064721584320068,18.4816837310791,8.700242042541504,0.221000388264656,roca
1739802736.6952589,18.77458000183105,4.52495002746582,1.3178499937057495,17.938283920288086,7.473910808563232,0.8249614834785461,18.040695190429688,5.434627056121826,2.793745279312134,16.403308868408203,2.387799024581909,2.369735717773437,roca
1739802736.7952642,17.752534866333008,4.914453506469727,3.1147260665893555,16.38291358947754,4.82073450088501,3.669450521469116,18.1768798828125,6.913694381713867,4.468685150146484,18.814115524291992,4.003178119659424,-0.8111329674720764,roca
1739802736.8952954,17.31564712524414,4.572990894317627,4.514906406402588,16.18125343322754,3.565972089767456,2.007316827774048,19.871477127075195,10.075236320495604,3.4711530208587646,16.190454483032227,0.0893984213471412,1.0531634092330933,roca
1739802736.9952862,18.81379127502441,3.4050512313842773,4.460716724395752,14.1448974609375,-2.6681511402130127,1.3421250581741333,17.891916275024414,7.415607929229736,4.167593479156494,16.783708572387695,-0.4093676805496216,1.5525869131088257,roca
1739802737.0952537,21.218690872192383,2.575714349746704,-1.2978296279907229,13.467774391174316,-0.7765658497810364,-2.30609130859375,17.236806869506836,3.00417709350586,3.661503791809082,18.66765594482422,3.795292854309082,-0.2320520728826522,roca
1739802737.195284,16.23478889465332,3.917402267456055,3.3256099224090576,13.40070343017578,-1.970948576927185,-1.805381178855896,22.47393798828125,0.6136975884437561,3.703463554382324,14.665833473205566,2.305438756942749,3.183234930038452,roca
1739802737.295268,17.758420944213867,5.644803524017334,4.344129085540772,11.2635498046875,-1.865240454673767,1.7701960802078247,18.478343963623047,8.349381446838379,0.8810906410217285,14.200566291809082,4.440677642822266,0.5447805523872375,roca
1739802737.3953052,9.606201171875,2.9770991802215576,3.4270334243774414,12.316856384277344,1.9123951196670528,1.4195305109024048,14.83621311187744,5.499025344848633,2.47933316230774,10.998133659362791,0.53762286901474,2.6342523097991943,roca
1739802737.495302,5.9409499168396,0.2130651473999023,-0.1024954542517662,10.963359832763672,1.3378705978393557,2.364652633666992,9.620695114135742,0.5506665706634521,4.266147613525391,5.23276948928833,-3.1835832595825195,0.7764318585395813,roca
1739802737.59524,0.0,-1.6280170679092407,0.0,5.2825798988342285,-2.9512672424316406,1.0107202529907229,8.58402156829834,-4.284071922302246,1.1645798683166504,7.044166088104248,-4.57390832901001,1.6482301950454712,roca
1739802737.695295,7.564382553100586,-1.450194239616394,-0.9544212818145752,7.454465866088867,-4.899538040161133,1.2226028442382812,9.933624267578123,-4.077963352203369,-2.268484354019165,8.231156349182129,-2.070143699645996,-0.9288589358329772,roca
1739802737.7952597,7.888320446014404,-2.571547031402588,-0.9027144312858582,8.231297492980957,-2.070291757583618,-0.9287753701210022,7.888256072998047,-2.0288093090057373,-0.9027495384216307,7.8880791664123535,-2.0286242961883545,-0.9028485417366028,roca
1739802737.8952608,7.564347743988037,-1.4501861333847046,-0.954423725605011,7.8882155418396,-2.028766632080078,-0.9027730822563172,3.796873092651367,-2.5318853855133057,0.3167750239372253,3.796821594238281,-2.5318691730499268,0.3167684078216553,roca
1739802737.9952765,0.0,-1.6280168294906616,0.0,3.796827554702759,-2.531869888305664,0.3167693316936493,0.0,0.0,0.0,0.0,0.0,0.0,roca
1739802741.7952662,0.0,-1.6280169486999512,0.0,0.0,-1.6280165910720823,0.0,4.823488712310791,-2.283494472503662,1.990686058998108,4.330248355865479,-3.244602918624878,0.3726789951324463,roca
1739802741.8953106,10.374016761779783,0.3155755996704101,-2.670472860336304,4.969332218170166,-0.2619383335113525,0.5343101024627686,12.4214506149292,0.9156704545021056,-1.5634952783584597,9.191460609436035,-1.1455156803131104,2.029070377349853,roca
1739802741.995284,14.63280200958252,-1.754303812980652,1.5076680183410645,13.08808422088623,1.0070773363113403,2.012221336364746,13.83147144317627,-0.1194491386413574,-0.6474370360374451,14.969467163085938,4.604609489440918,2.6081559658050537,roca
1739802742.0952392,20.23990249633789,0.5289421081542969,-1.1120978593826294,14.24542236328125,1.922404646873474,3.942484140396118,16.81169319152832,2.2084457874298096,-0.2540315091609955,15.963337898254396,6.834329605102539,1.4240630865097046,roca
1739802742.1952572,14.319469451904297,3.977861404418945,3.75642204284668,16.163551330566406,0.6208574175834656,3.8935043811798096,17.337629318237305,3.2869272232055664,1.2291322946548462,12.815322875976562,-1.23549222946167,1.697737216949463,roca
1739802742.295292,19.818178176879883,2.388867139816284,-3.16892147064209,9.236634254455566,0.8637645244598389,1.9768977165222168,18.3389892578125,1.586373209953308,1.56802499294281,12.40811538696289,-1.5930534601211548,2.538343667984009,roca
1739802742.3952746,14.002120971679688,2.68869423866272,2.775599479675293,11.250962257385254,-0.2572439014911651,-0.5291959643363953,15.282116889953612,4.795114517211914,6.264200687408447,16.35868263244629,7.283089160919189,-1.1632992029190063,roca
1739802742.4952674,18.42690086364746,4.207895278930664,0.3540548086166382,11.338122367858888,-0.9460728764533995,1.3724838495254517,16.46797752380371,4.15974235534668,3.9384708404541016,15.776413917541504,1.297852635383606,-0.384985089302063,roca
1739802742.5952609,16.464981079101562,5.964028835296631,3.663818120956421,13.505328178405762,-0.4029153883457184,-0.384806752204895,11.20896816253662,4.653092861175537,4.225614547729492,12.497551918029783,-1.8985897302627563,0.1829978376626968,roca
1739802742.6952934,11.542720794677734,1.2141326665878296,1.863066792488098,6.8387131690979,-0.7966215014457703,0.5790418982505798,11.09643268585205,-0.3606379330158233,-0.97712641954422,13.62994384765625,-3.2114665508270264,-0.0189783368259668,roca
1739802742.7952738,7.190423965454102,0.2359170913696289,-0.8515147566795349,11.248188972473145,-1.8733638525009155,-3.1028549671173096,9.57692813873291,-0.2566020488739013,0.985826313495636,10.849797248840332,-3.356995820999145,-1.7113300561904907,roca
1739802742.895321,0.0,-1.6280170679092407,0.0,8.514488220214844,-0.7580873370170593,1.225977063179016,12.951210975646973,-0.5741040706634521,2.3735671043396,10.943695068359377,0.3692178726196289,1.682145118713379,roca
1739802742.9952772,0.0,0.0,0.0,10.30027675628662,-0.0507715530693531,1.2624937295913696,9.118038177490234,-0.2571516335010528,-1.6533015966415403,7.941256046295166,-1.4792450666427612,2.034967422485352,roca
1739802743.095255,0.0,0.0,0.0,4.781721115112305,0.1901357918977737,0.5400453209877014,0.0,-1.6280170679092407,0.0,3.7968242168426514,-2.531868934631348,0.3167688846588135,roca
1739802743.3952563,0.0,0.0,0.0,0.0,0.0,0.0,7.569892406463623,-1.456558108329773,-0.950821578502655,0.0,0.0,0.0,roca
1739802743.4952486,0.0,0.0,0.0,0.0,0.0,0.0,7.894321441650391,-2.035111665725708,-0.8993842005729675,0.0,0.0,0.0,roca
1739802743.5952473,0.0,0.0,0.0,0.0,0.0,0.0,8.237608909606934,-2.0769293308258057,-0.9250655174255372,0.0,0.0,0.0,roca
1739802743.6952865,0.0,0.0,0.0,0.0,0.0,0.0,7.894321441650391,-2.5777838230133057,-0.8993842005729675,0.0,0.0,0.0,roca
1739802743.795265,0.0,0.0,0.0,0.0,0.0,0.0,8.237608909606934,-2.0769293308258057,-0.9250655174255372,0.0,0.0,0.0,roca
1739802743.8952467,0.0,0.0,0.0,0.0,0.0,0.0,7.894321441650391,-2.035112142562866,-0.8993842005729675,0.0,0.0,0.0,roca
1739802743.9952776,0.0,0.0,0.0,0.0,0.0,0.0,7.570159912109375,-1.4566200971603394,-0.9508035778999328,0.0,0.0,0.0,roca
1739802744.095281,0.0,0.0,0.0,0.0,0.0,0.0,6.545977115631104,-1.4834880828857422,-0.8945744633674622,0.0,0.0,0.0,roca
1739802744.1952734,0.0,0.0,0.0,0.0,0.0,0.0,3.7980470657348633,-2.532276391983032,0.3169120252132416,0.0,0.0,0.0,roca
1739802730.495257,7.5745092252866275,-1.4574688345104971,-0.9581262894099758,7.554187030581016,-1.434698282438478,-0.9502389978415844,7.568004413540774,-1.4506890674740731,-0.9398255866190308,7.587445219685792,-1.4495567751512937,-0.9564723355818124,roca
1739802730.5952718,10.82657322402938,0.2623856053471511,1.4272182764732475,10.722635823164234,0.1705787555129511,1.2996066580629448,10.809257936869754,0.2257856564173705,1.3594316140738163,10.256506231565195,0.4682625194187931,1.697558400116149,roca
1739802730.6952386,8.13831607553399,0.1313127167157448,3.145658597841261,11.999694880413829,2.548409382240846,3.448204124896864,14.999504730122116,4.311150602725541,4.201182190985071,12.208971978915992,2.014304854332734,2.868506497896561,roca
1739802730.7952428,9.29649714932724,-0.7561085127545645,-0.1007154113800622,13.60090688377013,0.3531300341992689,-1.4044941577222043,18.553867783875283,2.6262752830335248,0.072146333263213,13.205179346604348,0.5907650243104837,-0.8020980468592566,roca
1739802730.8952415,10.406145748422592,1.019463230066002,1.7687350094962613,11.581622342954864,1.5188902915549098,2.3069456035444555,15.629139739847115,4.543120145278719,4.562564440080203,12.044707007064597,1.8839617290431416,2.4970142358709926,roca
1739802730.995207,16.451794770351142,4.278779310648719,4.278716065726509,15.314477029705456,4.951538909873378,3.606889435065992,20.557567831117,5.489682107935965,5.5988434370696005,21.102224908119684,1.9109321752414252,-2.442129482645793,roca
1739802731.095255,22.203263656373814,3.508103428528932,-0.7452032368808985,12.6209902936694,0.7447050094406695,0.0840766379253971,18.44431931665641,6.589943828479512,5.964789587191689,14.14619839981871,2.9927456102405623,3.05411070806777,roca
1739802731.1952546,16.23114396909516,3.7015026265679896,4.7337070640134815,13.199605698923378,0.9169492504476088,2.717509831730213,18.15020087623411,9.221708497604377,7.790986908315248,20.76814986228938,1.9306130878368184,5.558756928883332,roca
1739802731.2952795,16.914108376110203,1.2399358591671548,0.0884865771654666,11.919147193609993,0.5751245958893819,0.4869593335292109,12.945254841941642,3.806291685664078,3.664768043904133,12.360211937164914,2.5698738285668554,2.4506139588427125,roca
1739802731.3952715,9.54427364022496,1.6515968561253294,2.582891066157554,3.908543377525017,0.1320781174096934,0.917618255121918,8.017371359534193,1.649352760123726,1.97889092684884,6.0813619528535545,0.2060580005016633,-0.1918785942493514,roca
1739802731.4952323,6.545845243943691,-1.4798800029446937,-0.9213254083160825,-0.0002026576929443,-1.6126746860787835,-0.0136412423375992,2.6398123989218685,-0.2417837024985701,1.1285121655555608,-0.0111891181446156,-1.6098603414570074,0.0068665564570053,roca
1739802731.695272,-0.0094209709432443,0.0146341504352074,-0.0128904811739659,7.565929806145088,-1.4312183994008587,-0.975899717424404,7.563919789041702,-1.4203534806700722,-0.9455344519423132,7.545410073110239,-1.4439988433128788,-0.9626225156034768,roca
1739802731.7952385,0.0086032825328795,-0.0109944366981936,0.0046931400268053,10.792481953802858,0.162487437845087,1.29931398488232,10.71738794121844,0.1734577696583362,1.3165096369861589,10.774055893505292,0.1656276536870383,1.3082657350640443,roca
1739802731.895168,0.0067494894122752,-0.0075028544842662,-0.0054182069467585,9.996537632600456,1.4069036487554998,2.8858311943618906,10.0494689874062,1.2019379361009963,2.628189487317529,9.996518213262204,1.461523832457535,2.9162600327390176,roca
1739802731.995191,-0.0093105015043522,-0.0109909154187443,0.0020277241800101,6.122714392383772,0.1948527623905856,-0.1835609194285459,8.700589449988357,-1.4168938830312223,2.1267451493982645,6.139371952618565,0.1907675154559217,-0.2232358678525539,roca
1739802735.995282,0.0138695446734398,0.0013343875670267,0.0192905730034407,-0.0119542149667015,-0.0012475065236183,-0.0159361072104325,4.347237026069753,-3.246412806873595,0.3942546500272425,4.311702464898662,-3.2418960596247937,0.3781804699497541,roca
1739802736.09526,7.579961734881995,-1.4652665035362635,-0.9343174732229532,4.319569460457591,-3.2521501414153224,0.3777520135709785,8.705144943677379,-1.0645169301732766,2.3580038726593946,8.230218122230342,-0.9246824360246476,2.668881111072148,roca
1739802736.195253,10.34046641704094,0.2107512871238526,1.5205996316085049,8.074600214610275,-0.9363176557882732,2.7373830095154768,15.393466512201124,1.8336226960783484,4.071210628612186,14.840818898033094,2.6282669433508192,1.7984316679621493,roca
1739802736.2951906,14.27021073051797,3.8751551469604246,3.7390447733114063,14.714374919866108,2.1695531490539026,2.1466691237431257,18.811892383649784,8.8655190961471,1.0373635952419358,17.22180386204967,7.629735342331612,0.4458634832977223,roca
1739802736.3952508,22.716313775111395,3.5945668975862315,-0.5549153273725167,16.619901839867616,9.822168385459175,1.5912500829640277,16.50294213897097,1.4469756389269053,2.6798089702865027,14.53541723834044,0.5348686000855435,2.901542236333764,roca
1739802736.4951482,16.23550125532575,5.625925675769588,4.9158335426583575,14.73476188289412,0.2975246250517935,2.2750776815194222,18.048394419404957,1.1237987963422609,2.576837457247065,17.720391931218515,0.8589457210862625,1.6988388541088726,roca
1739802736.595256,18.183572236248835,3.891320260314828,4.161728610730997,17.83586713546084,1.135334073297233,0.7004494194689992,19.77905979219608,9.80739825145738,0.1995514070029039,18.476955407999235,8.71171411110379,0.2281343909782048,roca
1739802736.6952589,18.777052823093303,4.528197285859804,1.3234359239770563,17.936292608069774,7.48696748334063,0.8369432191202097,18.05211500513664,5.440558240293447,2.805741880008281,16.392023110155815,2.3902583700049056,2.376639821592363,roca
1739802736.7952642,17.761551797537635,4.911557751675862,3.114027066606582,16.396310944376093,4.815024928407823,3.684658328179845,18.175606996408163,6.914633061204018,4.475686280269128,18.795859198625298,4.011192356723032,-0.7961645325305713,roca
1739802736.8952954,17.310293177135016,4.562428419714858,4.497393179203127,16.187448174464706,3.5550198963969346,2.005768623830307,19.869579809551087,10.079966713516658,3.470506121005188,16.199854539326832,0.0794469205419318,1.0487063842798536,roca
1739802736.9952862,18.815461352406345,3.4035330369369765,4.453439597906383,14.136291200233767,-2.6655765807464022,1.3484057228883235,17.891084479117822,7.430431777697558,4.15239237989756,16.79536281586193,-0.3983006695480938,1.5465015304726055,roca
1739802737.0952537,21.22010014273837,2.5789522131867155,-1.2962605431435394,13.4625488950911,-0.7670648948993852,-2.302376260153748,17.248552841941184,3.0049393255875856,3.664896514766875,18.65924002085863,3.7879983690692174,-0.2190361943321457,roca
1739802737.195284,16.242206954899416,3.9147677684427378,3.336220702161459,13.392857787139352,-1.9692185565624736,-1.816339192373726,22.469126525783093,0.6016729385804316,3.692769640626088,14.656978494548127,2.2849569496557463,3.180539097430104,roca
1739802737.295268,17.756855636168254,5.645657429154059,4.331372097157439,11.25178565022119,-1.87653755083238,1.77342709193761,18.4808717666198,8.346253093078367,0.8806907317318623,14.21375628594532,4.43249189963571,0.550257600215434,roca
1739802737.3953052,9.602645099899076,2.9766532100797045,3.4179616389235745,12.322378016569608,1.909649156156806,1.417728086926043,14.826400930434032,5.502560344881071,2.4810861193043694,10.989779354432814,0.5409602811762683,2.6357553101808677,roca
1739802737.495302,5.943717251426068,0.2129223554227753,-0.1021865695988344,10.980947627515263,1.3462463969835965,2.358059940770058,9.616955434874908,0.5599372349210796,4.279650758080133,5.22476521878416,-3.1779992169824123,0.7801004934941554,roca
1739802737.59524,0.000954166052899,-1.644225766207744,0.0060516194500879,5.252501963770871,-2.9330841692538727,1.0046734929184251,8.587261122778258,-4.27884734177534,1.1637036269700465,7.037500759476655,-4.575317569461911,1.6491627866078038,roca
1739802737.695295,7.566244256471094,-1.4479028359551438,-0.9578689559872936,7.458399643761183,-4.917551391478375,1.2062383746219454,9.932009074412798,-4.072922817525801,-2.2539243288217032,8.219787590522564,-2.0746971025646035,-0.9413863478531084,roca
1739802737.7952597,7.8978637180696705,-2.553316067267194,-0.9092538408339104,8.238589623904293,-2.080315794953519,-0.9066050044463332,7.899801713086297,-2.022247196791552,-0.9062452170381264,7.896396215962963,-2.021751754140508,-0.9028846039692268,roca
1739802737.8952608,7.552251658723247,-1.4539426621256692,-0.9488067576077952,7.894911376939297,-2.026676986955622,-0.9047360749444496,3.803195707058871,-2.522059033841089,0.3330211594623313,3.797438436443919,-2.535190803320752,0.3189726611838275,roca
1739802737.9952765,0.0051689318453737,-1.6400989769427308,-0.0174874223507348,3.80042895415792,-2.529069578197059,0.3243984878830291,-0.0079256351911981,-0.0038042275494432,8.600174663848213e-05,-0.0082629220250072,0.0029146736121232,-0.0003168924878695,roca
1739802741.7952662,0.0118623310532999,-1.6292133076408517,0.0043627476289641,-0.0044578755287915,-1.6356090629791549,0.0049531915884503,4.809171371326853,-2.292150102481093,1.9866638692577177,4.338699615774632,-3.2316943723372167,0.3700861833623819,roca
1739802741.8953106,10.375961447630772,0.3138790407001356,-2.674060690617298,4.947224210198509,-0.2532544695616703,0.5215511965305344,12.42446732807552,0.9156923942464116,-1.568670226915463,9.201697600770764,-1.152755820195117,2.0289086535910084,roca
1739802741.995284,14.63680066930375,-1.7626792847947903,1.5159811764960636,13.099726425772465,1.016681141146529,2.009568843726496,13.831471345225976,-0.1176162885366933,-0.6397532412361469,14.97204505807819,4.599299917498562,2.602918885331785,roca
1739802742.0952392,20.253170217862323,0.5233005373770703,-1.1063811916570327,14.257063319810458,1.914899159947192,3.953934310552419,16.81145127013722,2.2076926930995366,-0.2373957352051361,15.967247096740202,6.821444229580375,1.4173541401620455,roca
1739802742.1952572,14.319401762376485,3.9723965522762,3.772304120447429,16.17898233497693,0.6283783590648272,3.885938028976583,17.326007376351086,3.2883035084263352,1.2215884615272457,12.830102267102715,-1.2337358095570143,1.698570845565039,roca
1739802742.295292,19.81641577244269,2.363509561818707,-3.178426486449103,9.242892607491669,0.8733334729415418,1.9718944515688768,18.3454841546218,1.583189320263257,1.5676219308263766,12.401520987885856,-1.5882447000336617,2.5425534733658326,roca
1739802742.3952746,14.0129026767177,2.6749203134639727,2.7905829199735352,11.263100497014314,-0.246711062698558,-0.5328491268225385,15.281576906537484,4.800997319532657,6.280830186215576,16.343640114748787,7.294445620864744,-1.1566135892970086,roca
1739802742.4952674,18.440436107038916,4.215272734102939,0.363205429331281,11.348001909443008,-0.936902283872753,1.3669571379127006,16.468921811096077,4.156769899405342,3.951325081522693,15.788522100394356,1.3140024187105734,-0.378220223440853,roca
1739802742.5952609,16.445059771344823,5.97209730507773,3.661312622842834,13.508389968345517,-0.3916414281647165,-0.3935012253829654,11.205449499462382,4.646312253834262,4.210157485337838,12.499543342047517,-1.8870741919840397,0.1909682612649075,roca
1739802742.6952934,11.540200285451244,1.2268122131717178,1.8508597259887345,6.837679902883472,-0.8129318319975956,0.5765439971405695,11.09286963678954,-0.3525575525006348,-0.9718412116418208,13.619927263950895,-3.200478309453929,-0.009377029101551,roca
1739802742.7952738,7.187265720920141,0.2327653674998978,-0.8342513561236126,11.244586003539522,-1.8750504385259763,-3.108207329536026,9.560867326412223,-0.2538846880037186,0.9856688489635692,10.855798057246163,-3.351480765102455,-1.7154496105665415,roca
1739802742.895321,-0.0019008813620957,-1.6267883560266183,-0.000271160750174,8.530943028611912,-0.7589470091589169,1.2379765195563026,12.963988319237863,-0.597345603242297,2.3874834059327035,10.949835672449897,0.3758497459688972,1.6844308787345867,roca
1739802742.9952772,0.0053184130570327,0.0038032638658004,-0.0026488264778057,10.298540040689891,-0.0679130533652112,1.2506453146043028,9.106473562415808,-0.2532886544936198,-1.662936186759825,7.947225511374699,-1.4699412995227374,2.037831550987788,roca
1739802743.095255,-0.0084667634683717,-0.0092454521623071,0.0055485626478855,4.787177580591199,0.1757019398597785,0.5341880539939291,0.0022659685577928,-1.6250642407431086,0.0023711945346669,3.800030193678197,-2.536612628181885,0.3084783852640821,roca
1739802743.3952563,0.0019312909487996,0.012143819043374,-0.0170435852459277,-0.0054903666784997,-0.0194702419493234,0.0013330001572123,7.565868257080407,-1.4511486129624955,-0.9434604226772764,-0.0174330313520742,0.0106059066099448,-0.0204075866803316,roca
1739802743.4952486,-0.0035509484071449,0.0180739564773434,0.0116031872202007,-0.0075484386377814,0.0023405488952032,-0.006458244116072,7.910069556953652,-2.035131688415265,-0.895681572210928,-0.0062140646456309,0.005575719328451,0.0134565805799652,roca
1739802743.5952473,-0.013032109596963,0.0033949379454552,0.0041347356517344,-0.0064091681199082,-0.000621369269217,0.0101251764548199,8.232733035310046,-2.058261444245022,-0.9304607970586948,-0.0113650206414862,-0.0043096618395178,-0.0052800030416668,roca
1739802743.6952865,-0.0023103354132914,0.0008290525073713,0.0075864685304327,-0.00395880346728,0.0071726194857135,-0.0079154503318622,7.897172774251906,-2.571972065178196,-0.8901890982649078,-0.0046760255981271,-0.0206747916064672,-0.009558662402683,roca
1739802743.795265,0.0166107273115371,0.0143777994519387,-0.0078010671456206,7.3913539891762e-05,0.0198967660276718,-0.0046859137336666,8.230210731354594,-2.0795325925923995,-0.9335475936975526,0.0085549950448312,-0.0072786157013485,-0.0028256734499814,roca
1739802743.8952467,-0.0143980137246136,-0.0020175431362563,-0.0019382769431811,0.0092300516947011,0.00697515715692,-0.0193868659458438,7.883123803507913,-2.040002220698331,-0.9032640077669416,0.0012711857151195,0.0038805208718679,-0.0030035638568047,roca
1739802743.9952776,0.0043663630324452,0.0009254058370023,0.0161849289441604,0.0183009055517445,0.0085329417940006,0.0041188895305625,7.568401407625419,-1.4287396257456404,-0.956072965432573,0.0081570501428915,0.0096077129211706,0.0044679594947151,roca
1739802744.095281,0.0004939671282615,-0.0194174259486976,-0.0025155640628432,-0.018713959673815,-0.0147949180097468,-0.0126490043036618,6.545295656386372,-1.4674593529356397,-0.8967833663113807,0.0062803698730745,-0.006790003982809,0.0234278659474758,roca
1739802744.1952734,0.0334856331004117,-0.0174522042909083,0.0115723603384936,0.0042385619346409,0.0028798327075689,0.000807111942944,3.79324299171703,-2.532850752705738,0.3030314238730364,0.0019697728522126,-0.0179436703569945,0.0069490485261206,roca
1739802716.6953082,4.330246925354004,-3.2446022033691406,0.3726794421672821,0.0,-1.6280165910720823,0.0,7.550773620605469,-1.4497642517089844,2.3405110836029053,4.33024787902832,-3.244602918624878,0.3726793229579925,vacio
1739802716.7952557,8.367698669433594,-0.9711310863494872,2.5894076824188232,4.519927024841309,-0.2707785069942474,0.7320254445075989,10.850672721862791,0.9481557011604308,4.6551833152771,8.128264427185059,-0.9331717491149902,2.7127392292022705,vacio
1739802716.8952432,14.922760009765623,2.817389726638794,1.8459922075271609,13.2471342086792,1.8046895265579224,1.409013271331787,16.63987159729004,6.199108600616455,0.1940904110670089,14.770172119140623,2.021644592285156,2.433053731918335,vacio
1739802716.9952414,17.81028175354004,5.836879730224609,0.0696812942624092,15.586430549621582,1.700092315673828,3.130469560623169,17.289173126220703,4.215177059173584,-0.1216464936733245,18.31024169921875,6.9128947257995605,0.0650468841195106,vacio
1739802717.0952551,15.65646266937256,4.071885108947754,4.846383571624756,22.29142570495605,0.8753952383995056,0.1064865291118621,16.108972549438477,2.348777532577514,3.725588798522949,16.17488670349121,7.872021198272705,5.695745468139648,vacio
1739802717.19528,20.92533302307129,4.083217144012451,2.337597608566284,15.75894832611084,2.771703004837036,3.74508547782898,20.40827369689941,4.872203350067139,3.6963608264923096,17.88637351989746,4.812097072601318,3.9175851345062256,vacio
1739802717.2952905,19.689786911010746,6.381935119628906,1.8872228860855105,17.199525833129883,2.6568496227264404,-0.4591521322727203,20.649112701416016,9.778861045837402,1.752252221107483,20.095930099487305,4.58145809173584,3.902168989181519,vacio
1739802717.395228,19.788175582885746,6.112959384918213,4.312313079833984,13.026104927062988,7.162156581878662,6.427009582519531,18.662817001342773,5.806264877319336,3.022763967514038,20.168079376220703,6.578347682952881,4.55938720703125,vacio
1739802717.4953194,21.961753845214844,5.8097004890441895,4.0099711418151855,17.57110595703125,3.8470189571380615,0.6495977640151978,17.153837203979492,4.070652961730957,5.096568584442139,20.32671165466309,5.426154613494873,3.776808738708496,vacio
1739802717.5952945,15.980670928955078,3.644166231155396,4.32925271987915,14.524147033691406,4.122587203979492,4.129387378692627,16.304895401000977,3.643780469894409,3.8567819595336914,20.89070701599121,3.4902775287628174,1.9828219413757324,vacio
1739802717.6952782,17.989601135253906,5.6242995262146,-0.5405412912368774,18.228837966918945,3.970749139785767,1.916475892066956,20.32402229309082,8.22623348236084,-0.1464835405349731,18.870080947875977,2.8588755130767822,1.864345908164978,vacio
1739802717.7953875,17.558652877807617,4.358125686645508,-0.1867076903581619,20.323469161987305,7.372796535491943,2.481223821640014,17.74075698852539,7.752363681793213,3.0178890228271484,19.10321044921875,7.747854232788086,0.6565234065055847,vacio
1739802717.8952758,16.974197387695312,3.6732988357543945,3.7717132568359375,19.80272674560547,7.7445831298828125,2.610050201416016,16.686363220214844,3.268429517745972,3.1806318759918213,17.40628433227539,8.424052238464355,4.958449840545654,vacio
1739802717.9951568,20.802566528320312,11.64569854736328,7.113237857818604,16.633663177490234,1.2989695072174072,2.037322759628296,20.7021484375,3.3619384765625,2.096332550048828,18.346364974975582,5.381673812866211,4.039183139801025,vacio
1739802718.0952532,19.89790153503418,5.359500885009766,3.689516067504883,18.47299575805664,1.4588385820388794,1.0530422925949097,19.526025772094727,6.963664531707764,1.7761764526367188,21.428651809692383,5.693941593170166,2.9291810989379883,vacio
1739802718.1952631,16.18448829650879,3.406400442123413,4.3127875328063965,18.93646812438965,2.777578115463257,-0.3294040262699127,15.168166160583496,1.8300094604492188,4.0291056632995605,19.516393661499023,2.840149641036988,2.6156821250915527,vacio
1739802718.2952654,17.98115348815918,5.787265300750732,-0.8743012547492981,17.335084915161133,1.3852280378341677,1.8482214212417605,16.928678512573242,4.227566242218018,-1.394179344177246,18.54180335998535,2.35884428024292,2.2343649864196777,vacio
1739802718.3952897,17.243268966674805,3.451218605041504,-0.2486649751663208,18.53338623046875,8.645918846130371,-0.0772574320435524,16.6514835357666,4.254354000091553,-0.8612180352210999,18.82941627502441,9.036516189575195,1.1384246349334717,vacio
1739802718.4952755,17.39374542236328,2.104602575302124,3.6386878490448,16.393871307373047,2.620406150817871,2.454319477081299,15.642338752746582,2.9268157482147217,3.1878087520599365,17.320762634277344,4.350852966308594,2.812076568603516,vacio
1739802718.5952446,19.198984146118164,9.4352388381958,3.97357177734375,18.222637176513672,4.098813533782959,0.927936851978302,20.91853904724121,5.8670430183410645,3.870349884033203,18.98308753967285,5.589909076690674,2.0153374671936035,vacio
1739802718.6953037,17.57499122619629,3.1208584308624268,3.977987051010132,16.813438415527344,4.5898118019104,2.6456875801086426,22.974029541015625,6.153455257415772,2.731369733810425,17.351369857788086,3.759836912155152,2.333657503128052,vacio
1739802718.7952948,17.48695945739746,3.8409929275512695,0.6483673453330994,13.97340488433838,1.0527302026748655,4.19814920425415,19.42680931091309,4.450769901275635,4.247706890106201,16.3165283203125,1.9430341720581048,3.932280778884888,vacio
1739802718.8952718,16.00541114807129,8.414339065551758,5.296349048614502,17.247716903686523,2.5620334148406982,-0.4521838724613189,18.538328170776367,5.3460612297058105,3.88039231300354,20.223482131958008,3.0539238452911377,2.767608642578125,vacio
1739802718.995262,14.559367179870604,6.315193176269531,5.221149921417236,17.52265739440918,3.2306509017944336,-0.3278716802597046,17.364593505859375,3.871697425842285,3.895756721496582,21.51702880859375,3.338846206665039,-1.129947304725647,vacio
1739802719.0952544,19.479719161987305,2.2149643898010254,0.6792731285095215,18.702896118164062,1.7657216787338257,-0.6944630742073059,18.53128433227539,9.21142864227295,-0.086919866502285,17.10426139831543,3.472731828689575,-0.753728449344635,vacio
1739802719.1952894,15.058830261230469,1.8711799383163448,3.21277403831482,17.683218002319336,0.750323474407196,3.902290344238281,16.401609420776367,0.9758789539337158,1.4268029928207395,17.197912216186523,4.80751371383667,-0.6794688105583191,vacio
1739802719.2952616,14.310246467590332,2.2783591747283936,0.916325032711029,14.861498832702637,2.502028226852417,2.775423765182495,14.26166534423828,-0.3555021584033966,2.9201440811157227,15.20167064666748,1.6285619735717771,3.8792028427124015,vacio
1739802719.395192,17.33907127380371,5.442173480987549,2.7813634872436523,17.169740676879883,3.770751714706421,0.4963761270046234,18.384397506713867,6.569372653961182,0.4761931002140045,18.6216983795166,2.7924041748046875,3.634892463684082,vacio
1739802719.4952486,18.319625854492188,3.822521209716797,5.137411594390869,17.519744873046875,7.29765510559082,5.210773468017578,17.914278030395508,6.498613834381104,0.9068317413330078,19.582275390625,10.134099006652832,1.8851590156555176,vacio
1739802719.595287,18.011146545410156,4.378746032714844,4.323801517486572,18.021703720092773,3.5067312717437744,4.44249963760376,16.168550491333008,5.272790431976318,4.162590980529785,18.026042938232425,5.608957290649414,2.7500569820404053,vacio
1739802719.6952744,17.477663040161133,5.99462366104126,3.3266427516937256,14.69338607788086,3.80843186378479,2.448249340057373,15.923951148986816,2.0865938663482666,1.3657933473587036,15.033958435058594,1.7667409181594849,4.343896865844727,vacio
1739802719.7952447,19.80974769592285,3.084824323654175,1.086389660835266,19.088706970214844,2.6252806186676025,0.842210590839386,15.181949615478516,3.1660892963409424,3.563422918319702,17.231388092041016,4.292714595794678,-1.4075714349746704,vacio
1739802719.8952582,15.78446102142334,2.714318990707397,3.9083831310272217,15.713095664978027,2.067999124526977,3.3697636127471924,17.48394012451172,3.991384506225586,2.0790693759918213,16.72490882873535,3.2909324169158936,-0.8860716819763184,vacio
1739802719.9952514,13.600543975830078,2.82705020904541,1.7945308685302734,15.337252616882324,2.771733522415161,1.3195189237594604,14.827425956726074,2.274297952651977,1.2168365716934204,14.184304237365724,-0.3225933611392975,3.0167739391326904,vacio
1739802720.0952554,18.2258415222168,3.275364875793457,1.2329663038253784,19.353710174560547,5.4463067054748535,2.180093050003052,15.865974426269531,2.1718435287475586,3.6962080001831055,18.18769264221192,5.127394676208496,0.144166424870491,vacio
1739802720.1952431,16.819313049316406,2.2199509143829346,3.6505744457244873,18.668487548828125,3.733837842941284,5.397154331207275,17.906494140625,4.3318939208984375,1.939756870269776,17.95000648498535,5.538467884063721,0.1742088198661804,vacio
1739802720.2952604,15.01348876953125,3.426120519638061,2.7155911922454834,16.937068939208984,3.28147292137146,4.221407413482666,15.96543025970459,2.868308782577514,1.3869943618774414,16.28536605834961,3.919597864151001,4.464904308319092,vacio
1739802720.395326,17.915693283081055,4.407311916351318,0.9537582993507384,14.636950492858888,3.8874101638793945,2.467334747314453,16.642431259155273,3.649425506591797,3.8398475646972656,17.284770965576172,3.389332056045532,4.0240864753723145,vacio
1739802720.4952564,18.15952682495117,6.476089000701904,6.573072910308838,18.66579246520996,1.881958603858948,0.6422857642173767,18.581579208374023,6.603021144866943,5.433663845062256,18.901350021362305,5.943775177001953,0.391161561012268,vacio
1739802720.595284,20.12690162658692,4.087193012237549,5.623548030853272,14.044403076171877,1.3132001161575315,2.570595026016236,15.36156177520752,8.038074493408203,6.514383792877197,17.875057220458984,4.487309455871582,0.8398888111114502,vacio
1739802720.6952658,14.047144889831545,4.671449184417725,4.477572441101074,14.032578468322754,1.677043914794922,-0.020503943786025,16.22701072692871,2.3701908588409424,0.8697279095649719,14.852269172668455,1.2163052558898926,4.008294582366943,vacio
1739802720.795249,19.630130767822266,1.914215087890625,-0.9718766808509828,16.911691665649414,5.332499980926514,4.7383904457092285,15.67215633392334,2.305399179458618,3.886973142623901,17.803373336791992,4.747686862945557,-0.7092320919036865,vacio
1739802720.8952863,16.51244354248047,1.9735130071640008,3.4386374950408936,15.670283317565918,2.7757253646850586,4.046189785003662,19.15749168395996,3.3240652084350586,-0.0399978756904602,17.227008819580078,4.311424732208252,-0.2398243099451065,vacio
1739802720.9952254,13.891816139221191,3.011887550354004,2.3080174922943115,15.010809898376465,2.8097972869873047,1.3765047788619995,14.340039253234863,2.612501859664917,1.9259315729141235,16.008005142211914,-0.214793398976326,1.8235052824020384,vacio
1739802721.0952282,18.74434471130371,2.9331042766571045,0.1833531409502029,19.12996864318848,4.814672470092773,2.140817165374756,16.104154586791992,2.485568761825561,4.305642604827881,15.476898193359377,2.62718152999878,3.839542150497437,vacio
1739802721.1952257,18.162500381469727,2.1609065532684326,4.117822170257568,17.885366439819336,3.638038635253906,5.29443883895874,19.01047706604004,3.607893228530884,-0.3581169545650482,16.749082565307617,5.105233669281006,4.208376407623291,vacio
1739802721.2952733,13.580107688903809,2.755776643753052,2.7525835037231445,13.104571342468262,2.56523871421814,2.4485912322998047,14.02752685546875,2.390831232070923,1.7826271057128906,17.699312210083008,2.51495623588562,0.1263397783041,vacio
1739802721.3953006,19.01604461669922,1.971650123596192,-1.2254902124404907,19.56877326965332,1.0382550954818726,-1.1164120435714722,16.24944496154785,2.167254447937012,3.9300615787506095,15.828238487243652,3.9553163051605225,3.990768432617188,vacio
1739802721.495276,16.916048049926758,2.092871904373169,3.56988263130188,14.18575382232666,1.3051886558532717,2.613513231277466,19.554357528686523,3.354032516479492,0.2103104442358017,17.502866744995117,5.835338115692139,5.864358901977539,vacio
1739802721.5952957,15.455066680908203,3.914294004440308,2.839704751968384,13.375060081481934,1.9597071409225464,0.5529674887657166,16.742591857910156,5.893378734588623,4.256399631500244,20.06366539001465,3.520843744277954,-0.692134439945221,vacio
1739802721.69526,20.411785125732425,3.5701324939727783,0.6395190358161926,16.615259170532227,4.581564426422119,4.2636799812316895,16.747472763061523,5.345766067504883,5.242859363555908,13.94632625579834,3.840943098068237,3.8349149227142334,vacio
1739802721.7952583,16.82606315612793,3.457183837890625,4.759073734283447,14.71656322479248,1.7599722146987915,3.0585200786590576,18.809701919555664,3.2971436977386475,4.59491777420044,16.709287643432617,2.767363309860229,5.219585418701172,vacio
1739802721.8952882,13.945053100585938,3.055163621902466,2.3580474853515625,14.96447467803955,2.00665283203125,0.2421820312738418,16.798439025878906,6.929093837738037,5.072537422180176,19.65506935119629,3.613777875900269,-1.6631622314453125,vacio
1739802721.995261,19.53985023498535,2.234278678894043,0.0824110880494117,18.03460502624512,6.000997066497803,5.46369743347168,15.867667198181152,2.239786386489868,0.6288942694664001,13.99761199951172,3.382678747177124,3.013209342956543,vacio
1739802722.0952635,16.02341079711914,1.993957161903381,3.426699638366699,14.622784614562988,3.270689010620117,4.367873668670654,15.541324615478516,2.293520927429199,3.5349199771881104,16.734895706176758,2.772068977355957,4.907747745513916,vacio
1739802722.1952505,13.427802085876465,2.767672777175904,2.0407726764678955,17.052759170532227,2.205432176589966,-0.9938642382621764,17.690967559814453,4.53364896774292,2.094088315963745,20.96703147888184,3.4182674884796143,-2.6111412048339844,vacio
1739802722.295262,18.09544944763184,3.1817636489868164,0.60084468126297,15.95875072479248,7.219612598419189,5.043407440185547,14.716025352478027,2.107927322387696,0.947939395904541,15.42124843597412,3.90606141090393,3.4437739849090576,vacio
1739802722.3952546,18.0902042388916,2.288503646850586,4.090643882751465,22.56629943847656,5.363358020782471,4.627570152282715,15.277377128601074,2.3888397216796875,3.7515013217926025,18.912240982055664,5.752301692962647,6.385095119476318,vacio
1739802722.495288,13.651222229003906,2.9506499767303467,2.889737844467163,16.577722549438477,2.717501878738404,3.7655084133148193,18.76999855041504,3.4569129943847656,0.1677999496459961,17.4738712310791,5.53747034072876,4.932728290557861,vacio
1739802722.5952566,19.04460334777832,1.96711266040802,-1.1819303035736084,12.573456764221191,2.297515153884888,1.5423845052719116,15.656819343566896,3.579090118408203,2.4466519355773926,17.893064498901367,2.139127016067505,-0.705441951751709,vacio
1739802722.6952553,18.008813858032227,1.618863224983215,3.93932843208313,17.29105567932129,1.5389528274536133,0.7115381360054016,16.82048988342285,3.5511133670806885,4.354497909545898,15.523621559143066,2.931536674499512,3.3663339614868164,vacio
1739802722.7952592,16.009279251098633,3.002706527709961,3.582751512527466,13.66113567352295,0.8741235733032227,2.699723243713379,13.476632118225098,-2.111607313156128,3.859863996505737,16.968183517456055,5.577677249908447,5.9164347648620605,vacio
1739802722.8952954,16.488061904907227,4.220760822296143,1.41110360622406,12.693931579589844,1.4693416357040403,0.6669444441795349,11.735003471374512,-0.6784494519233704,-1.3756455183029177,18.225631713867188,2.939143180847168,-0.2917623817920685,vacio
1739802722.9953122,18.191686630249023,5.208698272705078,3.054716110229492,17.283090591430664,4.272427082061768,3.374211549758911,11.378560066223145,1.5979986190795898,2.231802701950073,13.513587951660156,3.941638231277466,4.029932498931885,vacio
1739802723.0953047,17.31707191467285,3.579825162887573,4.911045551300049,15.023890495300291,2.033181667327881,3.130232810974121,20.60619735717773,4.386157989501953,5.351725101470947,16.863330841064453,2.855405807495117,5.441106796264648,vacio
1739802723.1952646,13.665081977844238,2.865861654281616,2.3812832832336426,15.3091402053833,2.3131818771362305,0.2185295075178146,14.04584503173828,4.476166248321533,4.676181316375732,20.85943031311035,3.4570467472076416,-2.8958065509796143,vacio
1739802723.2952535,14.543869018554688,2.312821626663208,1.4572539329528809,17.125459671020508,5.6438069343566895,6.028764724731445,20.162338256835938,1.6880297660827637,-1.3490217924118042,13.678299903869627,3.754974365234375,3.7690393924713135,vacio
1739802723.3952591,15.77818775177002,2.209686040878296,3.972694396972656,12.950711250305176,2.4693496227264404,4.018538951873779,15.579678535461426,1.9846363067626955,3.1167004108428955,17.914386749267578,2.599632024765014,5.517560958862305,vacio
1739802723.495254,19.80353355407715,2.9427530765533447,-0.5545654892921448,17.729692459106445,1.4654574394226074,-2.926264762878418,21.537004470825195,2.670597791671753,-2.407824277877808,13.57360553741455,3.266064643859864,2.0578536987304688,vacio
1739802723.5952525,14.468695640563965,3.339141607284546,2.790724992752075,12.372570991516112,1.3884845972061155,2.0990264415740967,13.576106071472168,3.696073293685913,3.803628921508789,12.134730339050291,-3.2928688526153564,1.0920231342315674,vacio
1739802723.695255,16.81511878967285,2.753068208694458,4.64518928527832,16.881345748901367,3.764756202697754,5.791348934173584,16.887062072753906,3.0256717205047607,5.897724151611328,13.288512229919434,-0.7985391616821289,3.28894305229187,vacio
1739802723.7952917,18.579248428344727,4.254527568817139,-0.1016880273818969,18.88239479064941,4.137417316436768,-0.1364774256944656,20.50135612487793,4.268503189086914,-3.85045313835144,15.136828422546388,4.409155368804932,4.293826580047607,vacio
1739802723.895275,14.302265167236328,2.35644793510437,1.5789713859558103,14.680633544921877,7.48832893371582,6.051855087280273,14.903634071350098,3.589686393737793,3.249103307723999,16.52235984802246,2.379044771194458,0.4491933286190033,vacio
1739802723.995265,12.84110164642334,-1.0778473615646362,1.5183873176574707,17.532875061035156,6.315557479858398,4.027894496917725,16.9691104888916,3.477069139480591,5.248071670532227,13.257357597351074,1.051395058631897,2.423286199569702,vacio
1739802724.0952551,13.58777141571045,-2.208933591842652,-4.20026159286499,15.09660816192627,6.522764205932617,5.588325023651123,17.363534927368164,2.7366693019866943,-1.1227402687072754,15.731005668640137,-0.1778557449579239,-3.2219371795654297,vacio
1739802724.1952426,6.975992202758789,-4.128355503082275,-1.8686985969543457,9.930363655090332,2.892503023147583,2.999794006347656,9.826327323913574,0.1986685246229171,0.974355936050415,9.972838401794434,-2.379486560821533,-1.3237849473953247,vacio
1739802724.2952523,7.564168930053711,-1.4499796628952026,-0.9545402526855468,5.59431266784668,0.2072004526853561,0.0987471416592598,7.500897884368896,0.2348719090223312,-1.0348495244979858,9.180042266845703,-0.4405502378940582,-1.5928778648376465,vacio
1739802716.6953082,4.336948365171704,-3.2372400855176093,0.38190074772231775,0.004838705786422841,-1.6213363809921235,0.0007805943700537589,7.553581886503669,-1.4514608851035993,2.349967489973026,4.3432505322087085,-3.2588717456475593,0.36805526682894224,vacio
1739802716.7952557,8.37144879865459,-0.9721141010889893,2.5920525306663214,4.509993761825587,-0.26670804038986046,0.7466363125967407,10.838564815642604,0.9625460717761556,4.664338687767006,8.134644540629742,-0.9319195170926216,2.7249925779117046,vacio
1739802716.8952432,14.921083989512903,2.83392650041982,1.844940797820504,13.24801133660117,1.7971744027138683,1.405232575041414,16.63085507142156,6.195996391986057,0.2050768168257016,14.753642049936904,2.0224160955423036,2.42594492090171,vacio
1739802716.9952414,17.802678583985195,5.8401052948642445,0.07384659965076748,15.58608624986269,1.7003497693284693,3.139625072923131,17.292471957430134,4.217598043215261,-0.11384928067232575,18.299372705202465,6.9085895698954305,0.06103467719677417,vacio
1739802717.0952551,15.654859795943814,4.078724484973297,4.845589829893317,22.299997009371534,0.8537715640387263,0.12766201604470312,16.10898500582239,2.3483665495031576,3.70799394078886,16.15985513727956,7.888547399753628,5.68900889380688,vacio
1739802717.19528,20.91948275095677,4.079609341322846,2.338500519212753,15.766234149221331,2.765343324973531,3.7579403091004466,20.4039620313604,4.842125143440473,3.689742136659525,17.87969529411202,4.817485303382648,3.921579856673159,vacio
1739802717.2952905,19.679825281436962,6.384196947750892,1.8942285494609858,17.18517451401186,2.6541610484003564,-0.4607508890369077,20.644272645955397,9.770199898581156,1.7609262777797159,20.096635310991385,4.580273654465861,3.9035086592773776,vacio
1739802717.395228,19.788180254217277,6.1019025461598275,4.309061338829266,13.034559705263137,7.154442722848701,6.4387246682596775,18.65844474159018,5.79589398661212,3.018908195774706,20.161791567240112,6.604166612184037,4.572876265797692,vacio
1739802717.4953194,21.954803547603664,5.81001944652825,3.9992342238429575,17.582580465445158,3.8394655935811794,0.6473942840954574,17.139185441570042,4.07757285317359,5.094518055677952,20.32562509967946,5.431896269765529,3.779393521096448,vacio
1739802717.5952945,15.983816386761301,3.6438388163835533,4.330825063764053,14.513200716577934,4.115092697475672,4.129643059457262,16.31492718863358,3.632944369185999,3.8692198289842192,20.881987278754636,3.487351829686327,1.9915911613015764,vacio
1739802717.6952782,17.988002716660187,5.624209611266919,-0.5278860505129064,18.213418133454706,3.968364080503948,1.9166030265228282,20.320813298852396,8.226001821674034,-0.15052560094958745,18.87129587363949,2.860046855748294,1.8555726115741864,vacio
1739802717.7953875,17.5610923930383,4.358882389483469,-0.19623032044889893,20.3088048099431,7.374144438211799,2.4764631570517808,17.75098921017245,7.753423824672428,3.018327134753786,19.114118278954397,7.73974417340621,0.6423898546283261,vacio
1739802717.8952758,16.963905964347198,3.6697635599470138,3.7733026388597217,19.805813894354756,7.744460647322347,2.6049536833300513,16.692831632184387,3.2683175872879966,3.1789094091250356,17.39527579219205,8.44638864712896,4.9430016378985,vacio
1739802717.9951568,20.80396661370697,11.658940257761436,7.105389073263926,16.639105892234905,1.2912719857970645,2.059397723107008,20.713647418801003,3.3492530481975065,2.095891140524461,18.344865825784986,5.390440794233385,4.038649768725453,vacio
1739802718.0952532,19.901162959511343,5.37416099731016,3.7103075438801807,18.478277798941544,1.4770185809876373,1.0525048508429822,19.544399473652227,6.975117060146968,1.7787080339512928,21.423560301258586,5.712779728417143,2.9224075733845734,vacio
1739802718.1952631,16.17271622580296,3.4001123891335667,4.317942734123913,18.93497201822479,2.8018351788279814,-0.3141761916744994,15.172930963048522,1.8252757200694485,4.032019531558812,19.514831123140002,2.833084538090104,2.6127060775627395,vacio
1739802718.2952654,17.982721613630282,5.774755346458474,-0.8824859281254471,17.333609860968185,1.3714394068171876,1.8374868476522315,16.937915839901972,4.254574945837804,-1.394684850667998,18.54698611634544,2.355364299120729,2.2474026377674194,vacio
1739802718.3952897,17.24476728151534,3.440846134926489,-0.2577813045717711,18.534222381339365,8.656229477331964,-0.07487521592097053,16.644591458527614,4.248615625689324,-0.867878810066225,18.834704107836114,9.06049089203763,1.1237162121299469,vacio
1739802718.4952755,17.397560030129917,2.1168385610197515,3.6405995154336392,16.38692597110657,2.613885680207308,2.4785023836236677,15.632819349862682,2.939321425170434,3.1937730260091204,17.32552433365016,4.354209205955961,2.811094172554117,vacio
1739802718.5952446,19.193112057423374,9.443737713504195,3.9915896961644295,18.224131452489466,4.119113062360572,0.9382038150029532,20.905037764337234,5.875540084612618,3.8594101127489626,18.985773868150606,5.59250312221585,2.0184642245323756,vacio
1739802718.6953037,17.565016166969347,3.105911981272686,3.9861026634242163,16.816598492446158,4.585289883680267,2.636656452496562,22.98504771783121,6.152963844990649,2.749729237475424,17.33646904551718,3.754197098769211,2.3178598308877025,vacio
1739802718.7952948,17.476873111228503,3.8344106809978684,0.6504753660810901,14.002440588890016,1.0619169647503055,4.198645078685374,19.421155956613056,4.448504491005631,4.260745050079182,16.32210278190125,1.9404031102667707,3.927061068023217,vacio
1739802718.8952718,16.011960941759355,8.409739464658843,5.302361815710728,17.24478375901601,2.55277775352501,-0.4638868950809955,18.527251992750575,5.3515937689262305,3.877662964197939,20.241465329461633,3.0658661309674935,2.7614061510593904,vacio
1739802718.995262,14.549472901337303,6.325752943100543,5.213471148339381,17.53001230871678,3.2355133685482422,-0.31974024731964595,17.38549468221153,3.881131424671801,3.876253203979118,21.5132422102899,3.3432663300598424,-1.1210208163831048,vacio
1739802719.0952544,19.48724582379166,2.2376263178052898,0.6699489452645481,18.684189151774067,1.771486792922802,-0.7033740371326285,18.512556014453942,9.209171444902983,-0.05290736422839423,17.11325312111188,3.4678921266739096,-0.7772641024997557,vacio
1739802719.1952894,15.066569974525386,1.8868083038886403,3.2128879981346583,17.689971671607697,0.7502934196655034,3.891723704316667,16.40431378318556,0.9889724447718752,1.4295350976628152,17.200687780381667,4.834187704512603,-0.6948987595158154,vacio
1739802719.2952616,14.335254603414615,2.2662626308572595,0.9206595997205761,14.871020745862277,2.5029394321129876,2.765426161760652,14.261584086383005,-0.3568456009437785,2.9094481216743002,15.216432710410801,1.6448976939012234,3.8920816643599787,vacio
1739802719.395192,17.35358268996875,5.465061732255571,2.7855635889233925,17.172294859903403,3.755269047380067,0.4996261248238256,18.382355285418964,6.577940239899089,0.46400932280338436,18.631039523051886,2.8065937141905497,3.6297683858754413,vacio
1739802719.4952486,18.300121277153504,3.829526232010209,5.139118378951803,17.50493726834317,7.3089590318197155,5.197356464819913,17.934015234417362,6.508281331742921,0.8916624113701888,19.57719068138769,10.123800838757672,1.8840513933387528,vacio
1739802719.595287,17.989736546179966,4.3850764837544185,4.316370538609685,18.015070049731854,3.509945385904567,4.451271781270725,16.172216079665684,5.269300575937458,4.157841846032036,18.025218098744038,5.595960082647745,2.7676337582860118,vacio
1739802719.6952744,17.472456018653485,5.994907738752442,3.3210317844222543,14.696601076621963,3.8170055434629955,2.4552347166972037,15.953136824994889,2.093630138427561,1.347503663354141,15.02373021483102,1.7666574958191592,4.33823621917968,vacio
1739802719.7952447,19.799982062802872,3.086131568337318,1.103923172192701,19.09064874140313,2.6305196617291005,0.8425658360515365,15.181947004305853,3.168578848086368,3.5577805933369753,17.231815702870477,4.30327565965531,-1.3968553492762843,vacio
1739802719.8952582,15.783912384560459,2.7082594066623056,3.91577628170474,15.716664086345752,2.0866722929910377,3.3658405716845072,17.479448322566586,3.988395425452348,2.080844498762656,16.71879370104192,3.2889191478747404,-0.873190551159735,vacio
1739802719.9952514,13.597193263584991,2.829181371289205,1.7927619306156775,15.335598151627027,2.7766030128330703,1.3161633393901029,14.832478622168871,2.2742010890979385,1.2080629703823267,14.18289068020772,-0.30582421188902376,2.996723129495196,vacio
1739802720.0952554,18.228622887503626,3.2776190772485756,1.224914142101049,19.34765788959782,5.436114531222029,2.1710401926238077,15.880496868998945,2.162852917395042,3.702984738439834,18.17179223855611,5.135896183862756,0.1629764322946199,vacio
1739802720.1952431,16.832659231115603,2.2194881831737683,3.6497376637175867,18.661699089847822,3.73952293526743,5.405441877501848,17.917487824362247,4.332445620129081,1.9484356695646055,17.952366570863692,5.536654240640129,0.1828470003540418,vacio
1739802720.2952604,15.011189038865256,3.43202060641707,2.7037978728975878,16.947864064090215,3.268594721837645,4.208558101256556,15.975592863768586,2.862397999250833,1.3732513297350943,16.29107069483664,3.9144237240030084,4.481853196221168,vacio
1739802720.395326,17.941873024862055,4.4102366755617135,0.9323003790057833,14.631372369740031,3.887156437856789,2.459446498894887,16.64102711566366,3.66583207505633,3.8204340663421883,17.288610311753658,3.392423301944426,4.021865837073924,vacio
1739802720.4952564,18.174973726108668,6.4717326899966405,6.594190227727115,18.656275599782287,1.8829095008420746,0.6488252990906188,18.585160112164658,6.611946266701459,5.433946818403175,18.900510288308748,5.957133871583315,0.3882422003045998,vacio
1739802720.595284,20.105026014618243,4.090116864282799,5.629016438152194,14.034666400022774,1.313223345978048,2.5671180326543976,15.365350020333166,8.058725331111603,6.526885512736475,17.888592362995368,4.486023976375545,0.849257205064372,vacio
1739802720.6952658,14.039482191184236,4.681456867046599,4.478988394361581,14.040803035497325,1.6805082993587144,-0.018487505836688546,16.227657708469135,2.3803996686748827,0.8845716570559622,14.845465178637465,1.2081353801978425,3.9994062750144574,vacio
1739802720.795249,19.637014039671374,1.9223086551193833,-0.9642831375693107,16.926584954449265,5.325370956472354,4.754485653471036,15.680884768505178,2.3140761398732397,3.8899259020523074,17.78904423179619,4.747325956160976,-0.710869534391657,vacio
1739802720.8952863,16.508034434595306,1.9722119928252315,3.440854606760004,15.67112280556383,2.7980042200359847,4.059944225358295,19.158294233275555,3.3310281912252586,-0.04288238215288194,17.214329700495604,4.317636132633229,-0.23258842726653292,vacio
1739802720.9952254,13.893081488515906,3.0263834932872213,2.3000723141329704,15.004509480474102,2.790428285323808,1.374641502319346,14.34201128289852,2.6058041478201,1.9332180551586622,16.02003894188903,-0.21528098455223968,1.8299626572230518,vacio
1739802721.0952282,18.756548971859218,2.9335053974417367,0.18616861727269673,19.126014141908016,4.822919252975331,2.1613817597254634,16.094790303718323,2.4870656520530714,4.309785920594321,15.482117914866123,2.6418366542769545,3.8354586452515385,vacio
1739802721.1952257,18.160218836096835,2.1535184649848733,4.1266171118866,17.86934788671678,3.6595640424004277,5.295792781397684,19.008208906962516,3.59943599019492,-0.37091830099691975,16.74628866553949,5.117610425498904,4.216683788192063,vacio
1739802721.2952733,13.575516332491741,2.7541763981591143,2.7467474909124654,13.086580233757681,2.561967860842529,2.4519294476872577,14.039257390798113,2.38770989652122,1.7854282077297932,17.704492709165198,2.5029993119438583,0.13462377355073185,vacio